<?xml version="1.0" encoding="UTF-8"?>
<project-private xmlns="http://www.netbeans.org/ns/project-private/1">
    <editor-bookmarks xmlns="http://www.netbeans.org/ns/editor-bookmarks/2" lastBookmarkId="0"/>
    <open-files xmlns="http://www.netbeans.org/ns/projectui-open-files/2">
        <group>
            <file>file:/C:/Users/jonat/OneDrive/Documentos/GitHub/EDA-II_Proyecto-1/Proyecto%201/src/proyecto1/menuPrincipal.java</file>
            <file>file:/C:/Users/jonat/OneDrive/Documentos/GitHub/EDA-II_Proyecto-1/Proyecto%201/src/proyecto1/MezclaEq.java</file>
            <file>file:/C:/Users/jonat/OneDrive/Documentos/GitHub/EDA-II_Proyecto-1/Proyecto%201/src/proyecto1/Polifase.java</file>
        </group>
    </open-files>
</project-private>
